[
	{
		"id": 444,
		"producerId": 13,
		"productList": [
			43,
			95
		],
		"type": "Door-to-door Delivery",
		"description": "We're gonna charge you this time.",
		"startDateTime": "2017-12-02T01:00:00.000Z",
		"endDateTime": "2017-12-02T02:00:00.000Z",
		"hasFee": true,
		"fee": 5,
		"feeWaiver": 35,
		"latitude": 50.2615563,
		"longitude": -101.9720143,
		"city": "Wapella",
		"address": "123 Main St",
		"province": "SK",
		"orderDeadline": "2017-12-02T00:00:00.000Z"
	}, {
		"id": 445,
		"producerId": 13,
		"productList": [
		43
		],
		"type": "Door-to-door Delivery",
		"description": "We're gonna charge you this time.",
		"startDateTime": "2017-12-03T00:00:00.000Z",
		"endDateTime": "2017-12-03T03:30:00.000Z",
		"hasFee": true,
		"fee": 5,
		"feeWaiver": 35,
		"latitude": 50.2615563,
		"longitude": -101.9720143,
		"city": "Wapella",
		"address": "123 Main St",
		"province": "SK",
		"orderDeadline": "2017-12-02T00:00:00.000Z"
	}, {
		"id": 789,
		"producerId": 13,
		"productList": [
			43,
			95
		],
		"type": "Door-to-door Delivery",
		"description": "Delivering to you for no charge.",
		"startDateTime": "2017-12-01T00:00:00.000Z",
		"endDateTime": "2017-12-01T02:00:00.000Z",
		"hasFee": false,
		"fee": null,
		"feeWaiver": null,
		"latitude": 50.1437782,
		"longitude": -101.6671873,
		"city": "Moosomin",
		"address": "123 Main St",
		"province": "SK",
		"orderDeadline": "2017-12-01T00:00:00.000Z"
	}
]