

    [
        {
            "id": 1,
            "name": "Garden Farms1",
            "location": "Moosomin",
            "province": "SK",
            "description": "This is a description",
            "email": "email@email.com",
            "logo": "beet.png",
            "longitude": 444,
            "latitude": 555,
            "firstName": "Devon",
            "registrationDate": 99,
            "status": "active"
        }, {
            "id": 2,
            "name": "Harden Farms2",
            "location": "Moosomin",
            "province": "SK",
            "description": "This is a description",
            "email": "email@email.com",
            "logo": "beet.png",
            "longitude": 444,
            "latitude": 555,
            "firstName": "Devon",
            "registrationDate": 88,
            "status": "inactive"
        }, {
            "id": 3,
            "name": "Darden Farms3",
            "location": "Moosomin",
            "province": "SK",
            "description": "This is a description",
            "email": "email@email.com",
            "logo": "beet.png",
            "longitude": 444,
            "latitude": 555,
            "firstName": "Devon",
            "registrationDate": 7,
            "status": "active"
        }, {
            "id": 4,
            "name": "Karden Farms4",
            "location": "Goosomin",
            "province": "SK",
            "description": "This is a description",
            "email": "email@email.com",
            "logo": "beet.png",
            "longitude": 444,
            "latitude": 555,
            "firstName": "Devon",
            "registrationDate": 4,
            "status": "active"
        }, {
            "id": 5,
            "name": "Zarden Farms5",
            "location": "Roosomin",
            "province": "SK",
            "description": "This is a description",
            "email": "email@email.com",
            "logo": "beet.png",
            "longitude": 444,
            "latitude": 555,
            "firstName": "Devon",
            "registrationDate": 3,
            "status": "active"
        }, {
            "id": 6,
            "name": "Garden Farms6",
            "location": "Aoosomin",
            "province": "SK",
            "description": "This is a description",
            "email": "email@email.com",
            "logo": "beet.png",
            "longitude": 444,
            "latitude": 555,
            "firstName": "Devon",
            "registrationDate": 1,
            "status": "inactive"
        }
    ]


