{
		"id": 789,
		"producerId": 13,
		"productList": [
			43,
			95
		],
		"type": "Door-to-door Delivery",
		"description": "Delivering to you for no charge.",
		"startDateTime": "2017-12-01T00:00:00.000Z",
		"endDateTime": "2017-12-01T02:00:00.000Z",
		"hasFee": false,
		"fee": null,
		"feeWaiver": null,
		"latitude": 50.1437782,
		"longitude": -101.6671873,
		"city": "Moosomin",
		"address": "123 Main St",
		"province": "SK",
		"orderDeadline": "2017-12-01T00:00:00.000Z"
	}